Workbook

Sheet 공문
J1: =TODAY() -> 45597
A5: 수 신 : | B5: =M17&" " -> 한일건설㈜
A6: 참 조 : | B6: =M18 -> 0
A7: 제 목 : | B7: =""&M20&" 용역 견적서 제출" -> 공기연장 간접비 계약금액 조정(10차수) 용역 견적서 제출
B11: 1. 귀 사의 발전을 기원합니다.
A13: =" 2. 귀 사에서 당 연구원에 요청하신 『"&M19&"』에 대한 "&M20&" 용역 견적서를 첨부와 같이 제출합니다." -> 2. 귀 사에서 당 연구원에 요청하신 『남한산성 순환도로 확장공사』에 대한 공기연장 간접비 계약금액 조정(10차수) 용역 견적서를 첨부와 같이 제출합니다. | L13: 2302-2214. 한일건설(주)-남한산성 순환도로 확장공사 공기연장 간접비 계약금액 조정(추가)
L17: 수신 | M17: 한일건설㈜
A18: 첨 부 : | B18: 1. 용역비 산출내역서 | L18: 참조
B19: 2. 용역비 비목별 단가 산출근거 끝. | L19: 현장명 | M19: 남한산성 순환도로 확장공사
L20: 용역명 | M20: 공기연장 간접비 계약금액 조정(10차수)
L21: 담당자 1 | M21: 연구원 박종은
L22: 담당자 2 | M22: 책임연구원 박길범
L23: 담당자 3 | M23: 부원장 임희상
L24: 공문번호 | M24: 1
L25: 날짜 | M25: 45658
A35: 담당자 | B35: =IF(M21="","",TEXT(M21,"0000")) -> 연구원 박종은 | E35: =IF(M22="","",TEXT(M22,"0000")) -> 책임연구원 박길범 | H35: =IF(M23="","",TEXT(M23,"0000")) -> 부원장 임희상
A36: 시행 | B36: ="건경연-2502-"&TEXT(M24,"0000")&"호 ("&TEXT(M25,"yyyy.mm.")&")" -> 건경연-2502-0001호 (2025.01.)
A37: (우 16954) 경기도 용인시 기흥구 흥덕1로 13, 타워동 1201호(영덕동, 흥덕IT밸리)
A38: 전화 1833-9665 / 전송 070-4032-3866 / www.iceri.or.kr / con@iceri.or.kr

Sheet 산출내역서
B2: 용역비 산출내역서
B4: ＊ | C4: 의뢰처 | D4: : | E4: =공문!M17 -> 한일건설㈜
B5: ＊ | C5: 용역명 | D5: : | E5: ="["&공문!M19&"] 에 대한 "&공문!M20&" 용역" -> [남한산성 순환도로 확장공사] 에 대한 공기연장 간접비 계약금액 조정(10차수) 용역 | O5: =I34*30% -> 3090000 | S5: =15*30 -> 450
B6: ＊ | C6: 용역범위 | D6: : | E6: 공기연장으로 인한 계약금액 조정 | O6: =I34*70% -> 7210000
B7: ＊ | C7: 용역기간 | D7: : | E7: 자료수령일부터 2개월
B8: ＊ | C8: 용역금액 | D8: : | E8: 일금 일천만원정 (\ 10,000,000) (VAT 별도) - 계약금 : 3,000,000원(30%, 계약 시) - 준공금 : 7,000,000원(70%, 보고서 제출 시) | L8: 2000
B11: 등 급 | E11: 본용역투입인력 | G11: 인건비단가/일 | H11: 산 출 기 준 | I11: 금 액
E12: 참여인원 | F12: 투입일수 | G12: 본용역참여율 기준단가 | L12: 인원 | M12: 일수 | N12: 참여율 | Q12: =ROUNDDOWN(L8/100,0) -> 20 | V12: 금액 | W12: No. | Z12: No. | AA12: 1 | AB12: 2 | AC12: 3 | AD12: 4 | AE12: 5 | AF12: 6 | AG12: 7 | AH12: 8 | AI12: 9 | AJ12: 10 | AK12: 11 | AL12: 12 | AM12: 13 | AN12: 14 | AO12: 15 | AP12: 16 | AQ12: 17 | AR12: 18 | AS12: 19 | AT12: 20 | AU12: 21 | AV12: 22 | AW12: 23 | AX12: 24 | AY12: 25
B13: 인 건 비 | C13: 책임연구원 | E13: =L13 -> 1 | F13: =M13 -> 15 | G13: =산출근거!AZ22 -> 166492 | H13: =E13&" × "&F13&" × "&FIXED(G13,0)&" = " -> 1 × 15 × 166,492 = | I13: =INT(E13*F13*G13) -> 2497380 | L13: 1 | M13: 15 | N13: 0.35 | P13: 10 | Q13: =HLOOKUP($Q$12,$AA$12:$AY$23,2,FALSE) -> 2 | S13: =HLOOKUP($Q$12,$Z$12:$AX$23,7,FALSE) -> 15 | V13: 100 | W13: 1 | Z13: 참여 인원 | AA13: 1 | AB13: 1 | AC13: 1 | AD13: 1 | AE13: 1 | AF13: 1 | AG13: 1 | AH13: 1 | AI13: 1 | AJ13: 1 | AK13: 1 | AL13: 1 | AM13: 1 | AN13: 1 | AO13: 1 | AP13: 1 | AQ13: 1 | AR13: 1 | AS13: 1 | AT13: 2 | AU13: 2 | AV13: 2 | AW13: 2 | AX13: 2 | AY13: 2
C14: 연구원 | E14: =L14 -> 1 | F14: =M14 -> 30 | G14: =산출근거!AZ23 -> 182377 | H14: =E14&" × "&F14&" × "&FIXED(G14,0)&" = " -> 1 × 30 × 182,377 = | I14: =INT(E14*F14*G14) -> 5471310 | L14: 1 | M14: 30 | N14: 0.5 | P14: 15 | Q14: =HLOOKUP($Q$12,$AA$12:$AY$23,3,FALSE) -> 3 | S14: =HLOOKUP($Q$12,$Z$12:$AX$23,8,FALSE) -> 25 | V14: 200 | W14: 2 | AA14: 1 | AB14: 1 | AC14: 1 | AD14: 1 | AE14: 1 | AF14: 1 | AG14: 1 | AH14: 2 | AI14: 2 | AJ14: 2 | AK14: 2 | AL14: 2 | AM14: 2 | AN14: 2 | AO14: 2 | AP14: 2 | AQ14: 2 | AR14: 3 | AS14: 3 | AT14: 3 | AU14: 3 | AV14: 3 | AW14: 3 | AX14: 3 | AY14: 3
C15: 연구보조원 | E15: =L15 -> 1 | F15: =M15 -> 10 | G15: =산출근거!AZ24 -> 60956 | H15: =E15&" × "&F15&" × "&FIXED(G15,0)&" = " -> 1 × 10 × 60,956 = | I15: =INT(E15*F15*G15) -> 609560 | L15: 1 | M15: 10 | N15: 0.25 | P15: 25 | Q15: =HLOOKUP($Q$12,$AA$12:$AY$23,4,FALSE) -> 3 | S15: =HLOOKUP($Q$12,$Z$12:$AX$23,9,FALSE) -> 25 | V15: 300 | W15: 3 | AA15: 1 | AB15: 1 | AC15: 1 | AD15: 1 | AE15: 2 | AF15: 2 | AG15: 2 | AH15: 2 | AI15: 2 | AJ15: 2 | AK15: 2 | AL15: 2 | AM15: 2 | AN15: 2 | AO15: 3 | AP15: 3 | AQ15: 3 | AR15: 3 | AS15: 3 | AT15: 3 | AU15: 3 | AV15: 3 | AW15: 3 | AX15: 3 | AY15: 3
C16: 보조원 | E16: =L16 -> 0 | F16: =M16 -> 0 | G16: =산출근거!AZ25 -> 0 | H16: =E16&" × "&F16&" × "&FIXED(G16,0)&" = " -> 0 × 0 × 0 = | I16: =INT(E16*F16*G16) -> 0 | P16: 15 | Q16: =HLOOKUP($Q$12,$AA$12:$AY$23,5,FALSE) -> 2 | S16: =HLOOKUP($Q$12,$Z$12:$AX$23,10,FALSE) -> 30 | V16: 400 | W16: 4 | AA16: 1 | AB16: 1 | AC16: 1 | AD16: 2 | AE16: 2 | AF16: 2 | AG16: 2 | AH16: 2 | AI16: 2 | AJ16: 2 | AK16: 2 | AL16: 2 | AM16: 2 | AN16: 2 | AO16: 2 | AP16: 2 | AQ16: 2 | AR16: 3 | AS16: 2 | AT16: 2 | AU16: 2 | AV16: 3 | AW16: 3 | AX16: 3 | AY16: 3
C17: 소계 | E17: =L17 -> 0 | F17: =M17 -> 0 | I17: =SUM(I13:I16) -> 8578250 | N17: =O17/100 -> 0 | R17: 60 | V17: 500 | W17: 5
B18: 경 비 | C18: 비 목 | Q18: 0 | R18: =HLOOKUP($Q$12,$Z$12:$AX$23,12,FALSE) -> 100 | S18: 0 | V18: 600 | W18: 6 | Z18: 투입 일수 | AA18: 1 | AB18: 2 | AC18: 6 | AD18: 5 | AE18: 5 | AF18: 5 | AG18: 5 | AH18: 10 | AI18: 10 | AJ18: 10 | AK18: 10 | AL18: 10 | AM18: 12 | AN18: 15 | AO18: 15 | AP18: 15 | AQ18: 15 | AR18: 15 | AS18: 20 | AT18: 15 | AU18: 15 | AV18: 15 | AW18: 15 | AX18: 15 | AY18: 20
C19: ㆍ여 비 | V19: 700 | W19: 7 | AA19: 2 | AB19: 8 | AC19: 10 | AD19: 10 | AE19: 10 | AF19: 12 | AG19: 15 | AH19: 10 | AI19: 15 | AJ19: 20 | AK19: 25 | AL19: 30 | AM19: 30 | AN19: 30 | AO19: 30 | AP19: 30 | AQ19: 35 | AR19: 20 | AS19: 25 | AT19: 25 | AU19: 25 | AV19: 25 | AW19: 25 | AX19: 25 | AY19: 25
C20: 책임연구원 | V20: 800 | W20: 8 | AA20: 4 | AB20: 10 | AC20: 10 | AD20: 15 | AE20: 12 | AF20: 15 | AG20: 15 | AH20: 15 | AI20: 15 | AJ20: 15 | AK20: 15 | AL20: 15 | AM20: 20 | AN20: 20 | AO20: 15 | AP20: 20 | AQ20: 20 | AR20: 20 | AS20: 25 | AT20: 25 | AU20: 30 | AV20: 30 | AW20: 30 | AX20: 30 | AY20: 30
C21: 연구원 | L21: 인원 | M21: 면수 | V21: 900 | W21: 9 | AA21: 4 | AB21: 10 | AC21: 10 | AD21: 10 | AE21: 15 | AF21: 15 | AG21: 20 | AH21: 20 | AI21: 20 | AJ21: 20 | AK21: 20 | AL21: 20 | AM21: 20 | AN21: 25 | AO21: 30 | AP21: 30 | AQ21: 30 | AR21: 30 | AS21: 30 | AT21: 30 | AU21: 30 | AV21: 25 | AW21: 30 | AX21: 35 | AY21: 35
C22: 연구보조원 | L22: 1 | V22: 1000 | W22: 10 | Z22: 용역기간 | AA22: 10 | AB22: 20 | AC22: 25 | AD22: 25 | AE22: 25 | AF22: 25 | AG22: 25 | AH22: 30 | AI22: 25 | AJ22: 30 | AK22: 30 | AL22: 40 | AM22: 40 | AN22: 40 | AO22: 50 | AP22: 50 | AQ22: 50 | AR22: 45 | AS22: 45 | AT22: 45 | AU22: 50 | AV22: 50 | AW22: 60 | AX22: 60 | AY22: 60
C23: ㆍ유인물비 | G23: =IF(M25=0,,CONCATENATE(FIXED(M25,0)," 면×4,710 원/면")) -> 100 면×4,710 원/면 | I23: =ROUNDDOWN(M25*4710,) -> 471000 | V23: 1100 | W23: 11 | Z23: page | AA23: 40 | AB23: 40 | AC23: 40 | AD23: 40 | AE23: 40 | AF23: 50 | AG23: 50 | AH23: 60 | AI23: 60 | AJ23: 60 | AK23: 60 | AL23: 60 | AM23: 80 | AN23: 90 | AO23: 90 | AP23: 90 | AQ23: 90 | AR23: 70 | AS23: 90 | AT23: 100 | AU23: 100 | AV23: 100 | AW23: 100 | AX23: 100 | AY23: 120
C24: ㆍ전산처리비 | L24: 1 | M24: 0 | V24: 1200 | W24: 12
C25: ㆍ시약 및 연구용재료비 | L25: 면 | M25: 100 | V25: 1300 | W25: 13
C26: ㆍ회의비 | V26: 1400 | W26: 14
C27: ㆍ임차료 | L27: 인원 | M27: 회수 | V27: 1500 | W27: 15
C28: ㆍ교통통신비 | M28: 0 | V28: 1600 | W28: 16
C29: 소 계 | I29: =SUM(I23:J28) -> 471000 | L29: 인원 | M29: 일수 | V29: 1700 | W29: 17
B30: 인 건 비 | I30: =I17 -> 8578250 | V30: 1800 | W30: 18
B31: 경 비 | I31: =I29 -> 471000 | V31: 1900 | W31: 19
B32: 일 반 관 리 비 | G32: (인건비+경비) × 5 % | I32: =ROUNDDOWN(SUM(I30,I31)*5%,) -> 452462 | V32: 2000 | W32: 20
B33: 이 윤 | G33: (인건비+경비+일반관리비) × 10 % | I33: =INT((I32+I31+I30)*10%)-100000 -> 850171 | K33: =INT((K32+K31)*15%) -> 0 | V33: 2100 | W33: 21
B34: 용 역 비 | G34: (인건비+경비+일반관리비+이윤) | I34: =ROUNDDOWN(SUM(I30:J33),-5) -> 10300000 | V34: 2200 | W34: 22
V35: 2300 | W35: 23
V36: 2400 | W36: 24
V37: 2500 | W37: 25

Sheet 산출근거
C2: 용역비 비목별 단가 산출근거
C4: 1. 인건비
C5: 1) 학술용역인건비 기준단가
C6: 구 분 | M6: 참여율 | U6: 인건비 기준단가 | AZ6: 인건비/일
U7: 기본급 | AC7: 상여금 | AK7: 퇴직충당금 | AR7: 계
C8: 책임연구원 | M8: 0.5 | U8: 3622585 | AC8: =ROUNDDOWN(U8/12*4,) -> 1207528 | AK8: =ROUNDDOWN(SUM(U8:AJ8)/12,) -> 402509 | AR8: =SUM(U8:AQ8) -> 5232622 | AZ8: =ROUNDDOWN(AR8/22,) -> 237846 | BI8: =U8*2 -> 7245170 | BJ8: =ROUNDDOWN(BI8/12*4,) -> 2415056 | BK8: =ROUNDDOWN(SUM(BI8:BJ8)/12,) -> 805018 | BL8: =SUM(BI8:BK8) -> 10465244 | BM8: =ROUNDDOWN(BL8/22,) -> 475692 | BO8: 3496704
C9: 연구원 | M9: 0.5 | U9: 2777750 | AC9: =ROUNDDOWN(U9/12*4,) -> 925916 | AK9: =ROUNDDOWN(SUM(U9:AJ9)/12,) -> 308638 | AR9: =SUM(U9:AQ9) -> 4012304 | AZ9: =ROUNDDOWN(AR9/22,) -> 182377 | BI9: =U9*2 -> 5555500 | BJ9: =ROUNDDOWN(BI9/12*4,) -> 1851833 | BK9: =ROUNDDOWN(SUM(BI9:BJ9)/12,) -> 617277 | BL9: =SUM(BI9:BK9) -> 8024610 | BM9: =ROUNDDOWN(BL9/22,) -> 364755 | BO9: 2681226
C10: 연구보조원 | M10: 0.5 | U10: 1856832 | AC10: =ROUNDDOWN(U10/12*4,) -> 618944 | AK10: =ROUNDDOWN(SUM(U10:AJ10)/12,) -> 206314 | AR10: =SUM(U10:AQ10) -> 2682090 | AZ10: =ROUNDDOWN(AR10/22,) -> 121913 | BI10: =U10*2 -> 3713664 | BJ10: =ROUNDDOWN(BI10/12*4,) -> 1237888 | BK10: =ROUNDDOWN(SUM(BI10:BJ10)/12,) -> 412629 | BL10: =SUM(BI10:BK10) -> 5364181 | BM10: =ROUNDDOWN(BL10/22,) -> 243826 | BO10: 1792309
C11: 보조원 | M11: 0.5 | U11: 1392671 | AC11: =ROUNDDOWN(U11/12*4,) -> 464223 | AK11: =ROUNDDOWN(SUM(U11:AJ11)/12,) -> 154741 | AR11: =SUM(U11:AQ11) -> 2011635 | AZ11: =ROUNDDOWN(AR11/22,) -> 91437 | BI11: =U11*2 -> 2785342 | BJ11: =ROUNDDOWN(BI11/12*4,) -> 928447 | BK11: =ROUNDDOWN(SUM(BI11:BJ11)/12,) -> 309482 | BL11: =SUM(BI11:BK11) -> 4023271 | BM11: =ROUNDDOWN(BL11/22,) -> 182875 | BO11: 1344277
C13: 주 ① 기본급 : 학술연구용역 연구비 단가 (24년 학술연구용역 인건비 기준단가 반영)
C14: ② 상여금 : 기본급에 년 400% 지급
C15: ③ 퇴직충당금 : 기본급 및 상여급의 합계액에 년 100% 충당
C16: ④ 근무일수 : 22일/월
C17: ※ 상기 금액은 계약예규 「예정가격 작성기준」학술연구용역 원가계산 제26조 제2항에 의거 산정
C19: 2) 본 용역에 대한 인건비 기준단가
C20: 구 분 | M20: 참여율 | U20: 인건비 기준단가 | AZ20: 인건비/일
U21: 기본급 | AC21: 상여금 | AK21: 퇴직충당금 | AR21: 계
C22: 책임연구원 | M22: =산출내역서!N13 -> 0.35 | U22: =INT(U8*M22*2) -> 2535809 | AC22: =ROUNDDOWN(U22/12*4,) -> 845269 | AK22: =ROUNDDOWN(SUM(U22:AJ22)/12,) -> 281756 | AR22: =SUM(U22:AQ22) -> 3662834 | AZ22: =ROUNDDOWN(AR22/22,) -> 166492 | BI22: =U22*2 -> 5071618 | BJ22: =ROUNDDOWN(BI22/12*4,) -> 1690539 | BK22: =ROUNDDOWN(SUM(BI22:BJ22)/12,) -> 563513 | BL22: =SUM(BI22:BK22) -> 7325670 | BM22: =ROUNDDOWN(BL22/22,) -> 332985
C23: 연구원 | M23: =산출내역서!N14 -> 0.5 | U23: =INT(U9*M23*2) -> 2777750 | AC23: =ROUNDDOWN(U23/12*4,) -> 925916 | AK23: =ROUNDDOWN(SUM(U23:AJ23)/12,) -> 308638 | AR23: =SUM(U23:AQ23) -> 4012304 | AZ23: =ROUNDDOWN(AR23/22,) -> 182377 | BI23: =U23*2 -> 5555500 | BJ23: =ROUNDDOWN(BI23/12*4,) -> 1851833 | BK23: =ROUNDDOWN(SUM(BI23:BJ23)/12,) -> 617277 | BL23: =SUM(BI23:BK23) -> 8024610 | BM23: =ROUNDDOWN(BL23/22,) -> 364755
C24: 연구보조원 | M24: =산출내역서!N15 -> 0.25 | U24: =INT(U10*M24*2) -> 928416 | AC24: =ROUNDDOWN(U24/12*4,) -> 309472 | AK24: =ROUNDDOWN(SUM(U24:AJ24)/12,) -> 103157 | AR24: =SUM(U24:AQ24) -> 1341045 | AZ24: =ROUNDDOWN(AR24/22,) -> 60956 | BI24: =U24*2 -> 1856832 | BJ24: =ROUNDDOWN(BI24/12*4,) -> 618944 | BK24: =ROUNDDOWN(SUM(BI24:BJ24)/12,) -> 206314 | BL24: =SUM(BI24:BK24) -> 2682090 | BM24: =ROUNDDOWN(BL24/22,) -> 121913
C25: 보조원 | M25: =산출내역서!N16 -> 0 | U25: =INT(U11*M25*2) -> 0 | AC25: =ROUNDDOWN(U25/12*4,) -> 0 | AK25: =ROUNDDOWN(SUM(U25:AJ25)/12,) -> 0 | AR25: =SUM(U25:AQ25) -> 0 | AZ25: =ROUNDDOWN(AR25/22,) -> 0 | BI25: =U25*2 -> 0 | BJ25: =ROUNDDOWN(BI25/12*4,) -> 0 | BK25: =ROUNDDOWN(SUM(BI25:BJ25)/12,) -> 0 | BL25: =SUM(BI25:BK25) -> 0 | BM25: =ROUNDDOWN(BL25/22,) -> 0
C27: 2. 경비
C28: 1) 여비
C29: 구 분 | U29: 등 급 | AF29: 단 가 | AR29: 비 고
C31: 책임연구원 | U31: 제2호등급 | AF31: 91000 | AI31: 91000
C32: 연구원 | U32: 제3호등급 | AF32: 70000 | AI32: 70000
C33: 연구보조원 | U33: 제4호등급 | AF33: 70000 | AI33: 70000
C35: 2) 유인물비: 조달청 인쇄요율 적용(경인쇄 16절 백상지 기준) 인쇄면당 \4,710 기준
C36: 3) 전산처리비: 컴퓨터 사용료 기준
A37: 일금 사백만원정 (\4,000,000) (VAT별도) | C37: 4) 시약 및 연구용재료비: 실비계산
C38: 5) 회의비: 외부인사 초청회의비 기준(2급 공무원 이상 수준의 위원회 위원수당)
C39: 6) 임차료: 특수실험 실습기기 및 회의장 사용료 기준
C40: 7) 교통통신비: 시내교통비, 전신전화사용료, 우편료등으로 일당 \20,000 기준
