Workbook
Name _: #N/A
Name _1: #N/A
Name _10: #N/A
Name _11: #N/A
Name _12: #N/A
Name _13: #N/A
Name _14: #N/A
Name _15: #N/A
Name _15A: [1]금액내역서!$D$3:$D$10
Name _16: #N/A
Name _17: #N/A
Name _18: #N/A
Name _19: #N/A
Name _2: #N/A
Name _20: #N/A
Name _21: #N/A
Name _22: #N/A
Name _23: #N/A
Name _24: #N/A
Name _25: #N/A
Name _26: #N/A
Name _27: #N/A
Name _28: #N/A
Name _29: #N/A
Name _3: #N/A
Name _30: #N/A
Name _31: #N/A
Name _32: #N/A
Name _33: #N/A
Name _34: #N/A
Name _35: #N/A
Name _36: #N/A
Name _37: #N/A
Name _38: #N/A
Name _39: #N/A
Name _4: #N/A
Name _40: #N/A
Name _41: #N/A
Name _42: #N/A
Name _43: #N/A
Name _44: #N/A
Name _45: #N/A
Name _46: #N/A
Name _47: #N/A
Name _48: #N/A
Name _49: #N/A
Name _5: #N/A
Name _50: #N/A
Name _51: #N/A
Name _52: #N/A
Name _53: #N/A
Name _54: #N/A
Name _55: #N/A
Name _56: #N/A
Name _57: #N/A
Name _58: #N/A
Name _59: #N/A
Name _6: #N/A
Name _60: #N/A
Name _61: #N/A

Sheet 1월
C1: 월말 회계 보고서 | F1: ㈜이지컨설턴트_경영관리실
A2: 1. 1월 계약현황 및 매출현황
A3: 1)계약현황
A4: ①총계약건수: | B4: =C7 -> 0
A5: ②총계약금액: | B5: =A8 -> 0
A6: 사업부 | B6: 용역종류 | C6: 건수 | D6: 계약금액 | E6: 업체명 | F6: 용역명
A7: 인증사업부
A8: =SUM(D7:D8) -> 0
A9: 2)매출현황
A10: ①총매출건수: | B10: =C13 -> 0
A11: ②총매출금액: | B11: =A21 -> 0 | C11: (VAT별도)
A12: 사업부 | B12: 용역종류 | C12: 건수 | D12: 매출금액 | E12: 업체명 | F12: 용역명
A13: 인증사업부
A21: =SUM(D13:D21) -> 0
A22: 2. 1월 순이익현황
A23: 총매출금액 | B23: 1월 수금액 | C23: 경비 | D23: 매출대비 순이익 | E23: 수금대비 순이익 | F23: 총수금액 | G23: =SUM(G25:G26) -> 0
F24: 수금액 구분 | G24: 수금액
A25: =B11 -> 0 | B25: =G23 -> 0 | D25: =A25-C25 -> 0 | E25: =B25-C25 -> 0 | F25: 인증사업부
F26: 기타

Sheet 2월
C1: 월말 회계 보고서 | F1: ㈜이지컨설턴트_경영관리실
A2: 1. 2월 계약현황 및 매출현황
A3: 1)계약현황
A4: ①총계약건수: | B4: =C7 -> 0
A5: ②총계약금액: | B5: =A10 -> 0
A6: 사업부 | B6: 용역종류 | C6: 건수 | D6: 계약금액 | E6: 업체명 | F6: 용역명
A7: 인증사업부
A10: =SUM(D7:D10) -> 0
A11: 2)매출현황
A12: ①총매출건수: | B12: =C15 -> 0
A13: ②총매출금액: | B13: =A25 -> 0 | C13: (VAT별도)
A14: 사업부 | B14: 용역종류 | C14: 건수 | D14: 매출금액 | E14: 업체명 | F14: 용역명
A15: 인증사업부
A25: =SUM(D15:D25) -> 0
A26: 2. 2월 순이익현황
A27: 총매출금액 | B27: 2월 수금액 | C27: 경비 | D27: 매출대비 순이익 | E27: 수금대비 순이익 | F27: 총수금액 | G27: =SUM(G29:G31) -> 0
F28: 수금액 구분 | G28: 수금액
A29: =B13 -> 0 | B29: =G27 -> 0 | D29: =A29-C29 -> 0 | E29: =B29-C29 -> 0 | F29: 인증사업부
F30: 경영관리실
F31: 기타

Sheet 3월
C1: 월말 회계 보고서 | F1: ㈜이지컨설턴트_경영관리실
A2: 1. 3월 계약현황 및 매출현황
A3: 1)계약현황
A4: ①총계약건수: | B4: =C7 -> 0
A5: ②총계약금액: | B5: =A8 -> 0
A6: 사업부 | B6: 용역종류 | C6: 건수 | D6: 계약금액 | E6: 업체명 | F6: 용역명
A7: 인증사업부
A8: =SUM(D7:D8) -> 0
A9: 2)매출현황
A10: ①총매출건수: | B10: =C13 -> 0
A11: ②총매출금액: | B11: =A24 -> 0 | C11: (VAT별도)
A12: 사업부 | B12: 용역종류 | C12: 건수 | D12: 매출금액 | E12: 업체명 | F12: 용역명
A13: 인증사업부
A24: =SUM(D13:D24) -> 0
A25: 2. 3월 순이익현황
A26: 총매출금액 | B26: 3월 수금액 | C26: 경비 | D26: 매출대비 순이익 | E26: 수금대비 순이익 | F26: 총수금액 | G26: =SUM(G28:G30) -> 0
F27: 수금액 구분 | G27: 수금액
A28: =B11 -> 0 | B28: =G26 -> 0 | D28: =A28-C28 -> 0 | E28: =B28-C28 -> 0 | F28: 인증사업부
F29: 기타_유환태
F30: 기타

Sheet 4월
C1: 월말 회계 보고서 | F1: ㈜이지컨설턴트_경영관리실
A2: 1. 4월 계약현황 및 매출현황
A3: 1)계약현황
A4: ①총계약건수: | B4: =C7 -> 0
A5: ②총계약금액: | B5: =A9 -> 0
A6: 사업부 | B6: 용역종류 | C6: 건수 | D6: 계약금액 | E6: 업체명 | F6: 용역명
A7: 인증사업부
A9: =SUM(D7:D9) -> 0
A10: 2)매출현황
A11: ①총매출건수: | B11: =C14 -> 0
A12: ②총매출금액: | B12: =A18 -> 0 | C12: (VAT별도)
A13: 사업부 | B13: 용역종류 | C13: 건수 | D13: 매출금액 | E13: 업체명 | F13: 용역명
A14: 인증사업부
A18: =SUM(D14:D18) -> 0
A19: 2. 4월 순이익현황
A20: 총매출금액 | B20: 4월 수금액 | C20: 경비 | D20: 매출대비 순이익 | E20: 수금대비 순이익 | F20: 총수금액 | G20: =SUM(G22:G24) -> 0
F21: 수금액 구분 | G21: 수금액
A22: =B12 -> 0 | B22: =G20 -> 0 | D22: =A22-C22 -> 0 | E22: =B22-C22 -> 0 | F22: 인증사업부
F23: 경영관리실
F24: 기타

Sheet 5월
C1: 월말 회계 보고서 | F1: ㈜이지컨설턴트_경영관리실
A2: 1. 5월 계약현황 및 매출현황
A3: 1)계약현황
A4: ①총계약건수: | B4: =C7 -> 0
A5: ②총계약금액: | B5: =A8 -> 0
A6: 사업부 | B6: 용역종류 | C6: 건수 | D6: 계약금액 | E6: 업체명 | F6: 용역명
A7: 인증사업부
A8: =SUM(D7:D8) -> 0
A9: 2)매출현황
A10: ①총매출건수: | B10: =C13 -> 0
A11: ②총매출금액: | B11: =A22 -> 0 | C11: (VAT별도)
A12: 사업부 | B12: 용역종류 | C12: 건수 | D12: 매출금액 | E12: 업체명 | F12: 용역명
A13: 인증사업부
A22: =SUM(D13:D22) -> 0
A23: 2. 5월 순이익현황
A24: 총매출금액 | B24: 5월 수금액 | C24: 경비 | D24: 매출대비 순이익 | E24: 수금대비 순이익 | F24: 총수금액 | G24: =SUM(G26:G27) -> 0
F25: 수금액 구분 | G25: 수금액
A26: =B11 -> 0 | B26: =G24 -> 0 | D26: =A26-C26 -> 0 | E26: =B26-C26 -> 0 | F26: 인증사업부
F27: 기타

Sheet 6월
C1: 월말 회계 보고서 | F1: ㈜이지컨설턴트_경영관리실
A2: 1. 6월 계약현황 및 매출현황
A3: 1)계약현황
A4: ①총계약건수: | B4: =C7 -> 0
A5: ②총계약금액: | B5: =A9 -> 0
A6: 사업부 | B6: 용역종류 | C6: 건수 | D6: 계약금액 | E6: 업체명 | F6: 용역명
A7: 인증사업부
A9: =SUM(D7:D9) -> 0
A10: 2)매출현황
A11: ①총매출건수: | B11: =C14 -> 0
A12: ②총매출금액: | B12: =A31 -> 0 | C12: (VAT별도)
A13: 사업부 | B13: 용역종류 | C13: 건수 | D13: 매출금액 | E13: 업체명 | F13: 용역명
A14: 인증사업부
A31: =SUM(D14:D31) -> 0
A32: 2. 6월 순이익현황
A33: 총매출금액 | B33: 6월 수금액 | C33: 경비 | D33: 매출대비 순이익 | E33: 수금대비 순이익 | F33: 총수금액 | G33: =SUM(G35:G36) -> 0
F34: 수금액 구분 | G34: 수금액
A35: =B12 -> 0 | B35: =G33 -> 0 | D35: =A35-C35 -> 0 | E35: =B35-C35 -> 0 | F35: 인증사업부
F36: 기타

Sheet 7월
C1: 월말 회계 보고서 | F1: ㈜이지컨설턴트_경영관리실
A2: 1. 7월 계약현황 및 매출현황
A3: 1)계약현황
A4: ①총계약건수: | B4: =C7 -> 0
A5: ②총계약금액: | B5: =A9 -> 0
A6: 사업부 | B6: 용역종류 | C6: 건수 | D6: 계약금액 | E6: 업체명 | F6: 용역명
A7: 인증사업부
A9: =SUM(D7:D9) -> 0
A10: 2)매출현황
A11: ①총매출건수: | B11: =C14 -> 0
A12: ②총매출금액: | B12: =A26 -> 0 | C12: (VAT별도)
A13: 사업부 | B13: 용역종류 | C13: 건수 | D13: 매출금액 | E13: 업체명 | F13: 용역명
A14: 인증사업부
A26: =SUM(D14:D26) -> 0
A27: 2. 7월 순이익현황
A28: 총매출금액 | B28: 7월 수금액 | C28: 경비 | D28: 매출대비 순이익 | E28: 수금대비 순이익 | F28: 총수금액 | G28: =SUM(G30:G31) -> 0
F29: 수금액 구분 | G29: 수금액
A30: =B12 -> 0 | B30: =G28 -> 0 | D30: =A30-C30 -> 0 | E30: =B30-C30 -> 0 | F30: 인증사업부
F31: 기타

Sheet 8월
C1: 월말 회계 보고서 | F1: ㈜이지컨설턴트_경영관리실
A2: 1. 8월 계약현황 및 매출현황
A3: 1)계약현황
A4: ①총계약건수: | B4: =C7 -> 0
A5: ②총계약금액: | B5: =A12 -> 0
A6: 사업부 | B6: 용역종류 | C6: 건수 | D6: 계약금액 | E6: 업체명 | F6: 용역명
A7: 인증사업부
A12: =SUM(D7:D12) -> 0
A13: 2)매출현황
A14: ①총매출건수: | B14: =C17 -> 0
A15: ②총매출금액: | B15: =A24 -> 0 | C15: (VAT별도)
A16: 사업부 | B16: 용역종류 | C16: 건수 | D16: 매출금액 | E16: 업체명 | F16: 용역명
A17: 인증사업부
A24: =SUM(D17:D24) -> 0
A25: 2. 8월 순이익현황
A26: 총매출금액 | B26: 8월 수금액 | C26: 경비 | D26: 매출대비 순이익 | E26: 수금대비 순이익 | F26: 총수금액 | G26: =SUM(G28:G30) -> 0
F27: 수금액 구분 | G27: 수금액
A28: =B15 -> 0 | B28: =G26 -> 0 | D28: =A28-C28 -> 0 | E28: =B28-C28 -> 0 | F28: 인증사업부
F29: 경영관리실
F30: 기타

Sheet 9월
C1: 월말 회계 보고서 | F1: ㈜이지컨설턴트_경영관리실
A2: 1. 9월 계약현황 및 매출현황
A3: 1)계약현황
A4: ①총계약건수: | B4: =C7 -> 0
A5: ②총계약금액: | B5: =A16 -> 0
A6: 사업부 | B6: 용역종류 | C6: 건수 | D6: 계약금액 | E6: 업체명 | F6: 용역명
A7: 인증사업부
A16: =SUM(D7:D16) -> 0
A17: 2)매출현황
A18: ①총매출건수: | B18: =C21 -> 0
A19: ②총매출금액: | B19: =A33 -> 0 | C19: (VAT별도)
A20: 사업부 | B20: 용역종류 | C20: 건수 | D20: 매출금액 | E20: 업체명 | F20: 용역명
A21: 인증사업부
A33: =SUM(D21:D33) -> 0
A34: 2. 9월 순이익현황
A35: 총매출금액 | B35: 9월 수금액 | C35: 경비 | D35: 매출대비 순이익 | E35: 수금대비 순이익 | F35: 총수금액 | G35: =SUM(G37:G39) -> 0
F36: 수금액 구분 | G36: 수금액
A37: =B19 -> 0 | B37: =G35 -> 0 | D37: =A37-C37 -> 0 | E37: =B37-C37 -> 0 | F37: 인증사업부
F38: 경영관리실
F39: 기타

Sheet 10월
C1: 월말 회계 보고서 | F1: ㈜이지컨설턴트_경영관리실
A2: 1. 10월 계약현황 및 매출현황
A3: 1)계약현황
A4: ①총계약건수: | B4: =C7 -> 0
A5: ②총계약금액: | B5: =A12 -> 0
A6: 사업부 | B6: 용역종류 | C6: 건수 | D6: 계약금액 | E6: 업체명 | F6: 용역명
A7: 인증사업부
A12: =SUM(D7:D12) -> 0
A13: 2)매출현황
A14: ①총매출건수: | B14: =C17 -> 0
A15: ②총매출금액: | B15: =A25 -> 0 | C15: (VAT별도)
A16: 사업부 | B16: 용역종류 | C16: 건수 | D16: 매출금액 | E16: 업체명 | F16: 용역명
A17: 인증사업부
A25: =SUM(D17:D25) -> 0
A26: 2. 10월 순이익현황
A27: 총매출금액 | B27: 10월 수금액 | C27: 경비 | D27: 매출대비 순이익 | E27: 수금대비 순이익 | F27: 총수금액 | G27: =SUM(G29:G31) -> 0
F28: 수금액 구분 | G28: 수금액
A29: =B15 -> 0 | B29: =G27 -> 0 | D29: =A29-C29 -> 0 | E29: =B29-C29 -> 0 | F29: 인증사업부
F30: 경영관리실
F31: 기타

Sheet 11월
C1: 월말 회계 보고서 | F1: ㈜이지컨설턴트_경영관리실
A2: 1. 11월 계약현황 및 매출현황
A3: 1)계약현황
A4: ①총계약건수: | B4: =C7 -> 0
A5: ②총계약금액: | B5: =A8 -> 0
A6: 사업부 | B6: 용역종류 | C6: 건수 | D6: 계약금액 | E6: 업체명 | F6: 용역명
A7: 인증사업부
A8: =SUM(D7:D8) -> 0
A9: 2)매출현황
A10: ①총매출건수: | B10: =C13 -> 0
A11: ②총매출금액: | B11: =A21 -> 0 | C11: (VAT별도)
A12: 사업부 | B12: 용역종류 | C12: 건수 | D12: 매출금액 | E12: 업체명 | F12: 용역명
A13: 인증사업부
A21: =SUM(D13:D21) -> 0
A22: 2. 11월 순이익현황
A23: 총매출금액 | B23: 11월 수금액 | C23: 경비 | D23: 매출대비 순이익 | E23: 수금대비 순이익 | F23: 총수금액 | G23: =SUM(G25:G26) -> 0
F24: 수금액 구분 | G24: 수금액
A25: =B11 -> 0 | B25: =G23 -> 0 | D25: =A25-C25 -> 0 | E25: =B25-C25 -> 0 | F25: 인증사업부
F26: 기타

Sheet 12월
C1: 월말 회계 보고서 | F1: ㈜이지컨설턴트_경영관리실
A2: 1. 12월 계약현황 및 매출현황
A3: 1)계약현황
A4: ①총계약건수: | B4: =C7 -> 0
A5: ②총계약금액: | B5: =A8 -> 0
A6: 사업부 | B6: 용역종류 | C6: 건수 | D6: 계약금액 | E6: 업체명 | F6: 용역명
A7: 인증사업부
A8: =SUM(D7:D8) -> 0
A9: 2)매출현황
A10: ①총매출건수: | B10: =C13 -> 0
A11: ②총매출금액: | B11: =A21 -> 0 | C11: (VAT별도)
A12: 사업부 | B12: 용역종류 | C12: 건수 | D12: 매출금액 | E12: 업체명 | F12: 용역명
A13: 인증사업부
A21: =SUM(D13:D21) -> 0
A22: 2. 12월 순이익현황
A23: 총매출금액 | B23: 12월 수금액 | C23: 경비 | D23: 매출대비 순이익 | E23: 수금대비 순이익 | F23: 총수금액 | G23: =SUM(G25:G26) -> 0
F24: 수금액 구분 | G24: 수금액
A25: =B11 -> 0 | B25: =G23 -> 0 | D25: =A25-C25 -> 0 | E25: =B25-C25 -> 0 | F25: 인증사업부
F26: 기타

Sheet 총계약,매출현황
A1: 3. 2026년 계약현황, 매출현황
A2: 월별 | B2: 계약 | E2: 매출(VAT별도) | H2: 비고
B3: 건수 | C3: 금액 | E3: 건수 | F3: 금액
A4: 1월 | B4: ='1월'!B4 -> 0 | C4: ='1월'!B5 -> 0 | E4: ='1월'!B10 -> 0 | F4: ='1월'!B11 -> 0 | H4: 용역별로 건수 묶음
A5: 2월 | B5: ='2월'!B4 -> 0 | C5: ='2월'!B5 -> 0 | E5: ='2월'!B12 -> 0 | F5: ='2월'!B13 -> 0 | H5: "
A6: 3월 | B6: ='3월'!B4 -> 0 | C6: ='3월'!A8 -> 0 | E6: ='3월'!B10 -> 0 | F6: ='3월'!B11 -> 0 | H6: "
A7: 4월 | B7: ='4월'!B4 -> 0 | C7: ='4월'!B5 -> 0 | E7: ='4월'!B11 -> 0 | F7: ='4월'!B12 -> 0 | H7: "
A8: 5월 | B8: ='5월'!B4 -> 0 | C8: ='5월'!A8 -> 0 | E8: ='5월'!B10 -> 0 | F8: ='5월'!B11 -> 0 | H8: "
A9: 6월 | B9: ='6월'!B4 -> 0 | C9: ='6월'!A9 -> 0 | E9: ='6월'!B11 -> 0 | F9: ='6월'!B12 -> 0 | H9: "
A10: 7월 | B10: ='7월'!B4 -> 0 | C10: ='7월'!B5 -> 0 | E10: ='7월'!B11 -> 0 | F10: ='7월'!B12 -> 0 | H10: "
A11: 8월 | B11: ='8월'!B4 -> 0 | C11: ='8월'!B5 -> 0 | E11: ='8월'!B14 -> 0 | F11: ='8월'!B15 -> 0 | H11: "
A12: 9월 | B12: ='9월'!B4 -> 0 | C12: ='9월'!B5 -> 0 | E12: ='9월'!B18 -> 0 | F12: ='9월'!B19 -> 0 | H12: "
A13: 10월 | B13: ='10월'!B4 -> 0 | C13: ='10월'!B5 -> 0 | E13: ='10월'!B14 -> 0 | F13: ='10월'!B15 -> 0 | H13: "
A14: 11월 | B14: ='11월'!B4 -> 0 | C14: ='11월'!B5 -> 0 | E14: ='11월'!B10 -> 0 | F14: ='11월'!B11 -> 0 | H14: "
A15: 12월 | B15: ='12월'!B4 -> 0 | C15: ='12월'!B5 -> 0 | E15: ='12월'!B10 -> 0 | F15: ='12월'!B11 -> 0 | H15: "
A16: 합계 | B16: =SUM(B4:B15) -> 0 | C16: =SUM(C4:D15) -> 0 | E16: =SUM(E4:E15) -> 0 | F16: =SUM(F4:G15) -> 0
A17: 4. 2026년 총 순이익현황
A18: 월별 | B18: 총매출금액 | C18: 수금액 | F18: 경비 | G18: 매출금액대비 순이익 | H18: 순이익
C19: 인증사업부 | D19: 기타 (경영관리외) | E19: 합계 | H19: 부서 수금액대비 순이익 | I19: 총수금액 대비
A20: 1월 | B20: =F4 -> 0 | C20: ='1월'!G25 -> 0 | D20: ='1월'!G26 -> 0 | E20: =SUM(C20:D20) -> 0 | F20: ='1월'!C25 -> 0 | G20: =B20-F20 -> 0 | H20: =C20-F20 -> 0 | I20: =E20-F20 -> 0
A21: 2월 | B21: ='2월'!B13 -> 0 | C21: ='2월'!G29 -> 0 | D21: =SUM('2월'!G30:G31) -> 0 | E21: =SUM(C21:D21) -> 0 | F21: ='2월'!C29 -> 0 | G21: =B21-F21 -> 0 | H21: =C21-F21 -> 0 | I21: =E21-F21 -> 0
A22: 3월 | B22: =F6 -> 0 | C22: ='3월'!G28 -> 0 | D22: ='3월'!G29+'3월'!G30 -> 0 | E22: =SUM(C22:D22) -> 0 | F22: ='3월'!C28 -> 0 | G22: =B22-F22 -> 0 | H22: =C22-F22 -> 0 | I22: =E22-F22 -> 0
A23: 4월 | B23: =F7 -> 0 | C23: ='4월'!G22 -> 0 | D23: =SUM('4월'!G23:G24) -> 0 | E23: =SUM(C23:D23) -> 0 | F23: ='4월'!C22 -> 0 | G23: =B23-F23 -> 0 | H23: =C23-F23 -> 0 | I23: =E23-F23 -> 0
A24: 5월 | B24: =F8 -> 0 | C24: ='5월'!G26 -> 0 | D24: ='5월'!G27 -> 0 | E24: =SUM(C24:D24) -> 0 | F24: ='5월'!C26 -> 0 | G24: =B24-F24 -> 0 | H24: =C24-F24 -> 0 | I24: =E24-F24 -> 0
A25: 6월 | B25: =F9 -> 0 | C25: ='6월'!G35 -> 0 | D25: ='6월'!G36 -> 0 | E25: =SUM(C25:D25) -> 0 | F25: ='6월'!C35 -> 0 | G25: =B25-F25 -> 0 | H25: =C25-F25 -> 0 | I25: =E25-F25 -> 0
A26: 7월 | B26: =F10 -> 0 | C26: ='7월'!G30 -> 0 | D26: ='7월'!G31 -> 0 | E26: =SUM(C26:D26) -> 0 | F26: ='7월'!C30 -> 0 | G26: =B26-F26 -> 0 | H26: =C26-F26 -> 0 | I26: =E26-F26 -> 0
A27: 8월 | B27: =F11 -> 0 | C27: ='8월'!G28 -> 0 | D27: =SUM('8월'!G29:G30) -> 0 | E27: =SUM(C27:D27) -> 0 | F27: ='8월'!C28 -> 0 | G27: =B27-F27 -> 0 | H27: =C27-F27 -> 0 | I27: =E27-F27 -> 0
A28: 9월 | B28: =F12 -> 0 | C28: ='9월'!G37 -> 0 | D28: =SUM('9월'!G38:G39) -> 0 | E28: =SUM(C28:D28) -> 0 | F28: ='9월'!C37 -> 0 | G28: =B28-F28 -> 0 | H28: =C28-F28 -> 0 | I28: =E28-F28 -> 0
A29: 10월 | B29: =F13 -> 0 | C29: ='10월'!G29 -> 0 | D29: =SUM('10월'!G30:G31) -> 0 | E29: =SUM(C29:D29) -> 0 | F29: ='10월'!C29 -> 0 | G29: =B29-F29 -> 0 | H29: =C29-F29 -> 0 | I29: =E29-F29 -> 0
A30: 11월 | B30: =F14 -> 0 | C30: ='11월'!G25 -> 0 | D30: ='11월'!G26 -> 0 | E30: =SUM(C30:D30) -> 0 | F30: ='11월'!C25 -> 0 | G30: =B30-F30 -> 0 | H30: =C30-F30 -> 0 | I30: =E30-F30 -> 0
A31: 12월 | B31: =F15 -> 0 | C31: ='12월'!G25 -> 0 | D31: ='12월'!G26 -> 0 | E31: =SUM(C31:D31) -> 0 | F31: ='12월'!C25 -> 0 | G31: =B31-F31 -> 0 | H31: =C31-F31 -> 0 | I31: =E31-F31 -> 0
A32: 합계 | B32: =SUM(B20:B31) -> 0 | C32: =SUM(C20:C31) -> 0 | D32: =SUM(D20:D31) -> 0 | E32: =SUM(E20:E31) -> 0 | F32: =SUM(F20:F31) -> 0 | G32: =SUM(G20:G31) -> 0 | H32: =C32-F32 -> 0 | I32: =E32-F32 -> 0
